feature_0,feature_1,feature_2,feature_3,feature_4,feature_5,feature_6,feature_7,feature_8,feature_9,feature_10,feature_11,feature_12,feature_13,feature_14,feature_15,feature_16,feature_17,feature_18,feature_19,label
-1.3282709777406927,0.8745055754592141,-0.39568071175626385,-2.9883554056685977,4.168205125329982,3.0401385334684203,1.2246921671238211,3.9956045245316525,-7.34668186912104,-1.2021495260760888,4.009303383359626,-0.6036651968424092,-0.8567720938267928,-1.0125489137440566,1.103921527764369,-3.1073037595941795,-0.5555467794868666,4.099886517922544,0.20438903160297678,-1.5287515813702788,0
2.4995473498812024,-0.0832445766942489,-0.17280173739646437,0.9485307566602068,1.2501765620696337,5.0317223919465475,-0.14744496038624677,1.7919846718315426,2.254763815711954,1.0587285298838789,-1.5765081993898615,-1.941597143478905,0.012499321907250335,-4.680647709983369,-3.4105654311278295,-5.7126027855967605,2.8684030556667683,1.7589963169636988,-1.6685992588781953,-3.8649488872103053,0
-0.5135760513569785,4.866724692682161,0.12354769595558233,0.17858918681820268,5.026484537116257,-3.678341286588078,1.0602904990382465,-0.00038915531300043327,-1.4821313616771765,-0.5923559556520536,-4.68048338206011,-4.48869577601468,-2.100026507651624,-0.9776374228608051,-2.1381501219404786,-2.483848903266535,0.6255080168310357,6.289781981311158,0.885231482988991,-1.1555318388834288,0
-1.1430897845332688,1.7016593673939664,0.4373131870389607,0.11920473563704892,3.1256067981716646,-1.630317611691796,-0.20645661810113503,-1.8909352460226714,1.686519099568995,-0.37231905293792283,3.7524542287357523,-0.6214262202047598,-1.8800100339077637,-0.11870044467339014,2.7982307583116643,6.68259081133391,0.7127120288613313,-2.838162026232839,-1.8831502080585838,2.199345662201208,0
0.5264798601567442,0.6967918688333965,0.32405702822156063,3.3454564762137866,-0.7077258436380346,2.15197048369211,-3.164082110058873,-1.4795345902713404,8.758590544805617,-0.19050310599781134,2.2367395330018858,0.754056671678746,0.9965705105794472,-1.116312757466681,2.8655046947421106,6.441332412484531,-0.46649537922819795,-4.768281292191158,0.6404797952008238,1.7928174772979184,0
0.8092972211132432,0.8958948963048383,0.8539759765522237,0.34937169720199046,-1.9950903988999014,-3.5924020667590444,-2.8893946109348216,-0.3774208848029398,1.6178148700011368,1.5541604207147741,-0.5381032694235859,0.16987943616612888,-0.5309708978119645,2.1811721493528515,-0.3394314916157438,2.3862369647678148,-0.33513778117145177,1.3051595787193613,0.34233783448962146,1.5840079552832573,0
-0.8721694907359452,-1.5526932850776807,1.7963608229269636,-0.7618467637862061,-1.4434345302826956,-1.0579248745999628,-0.0702498458802554,0.5169078356519745,-3.128985555100896,0.5027844268951942,0.9116188701412955,-3.231321048053494,-1.342127748485115,-0.6690371329712475,1.571264871319354,0.031054300309519653,-1.365824155415439,3.918545568291718,-0.14896930976729691,-2.763595441591244,1
-0.9358797068974352,1.5062139230612457,0.33385996656853467,0.824918771436086,-0.3117366937285511,-6.834548357385301,-0.9420201169313923,-2.58224518311859,1.4138605645638103,-0.1344967844017327,-2.4583949342807507,-0.7424614929986465,-1.0166831285764972,1.6693939227392633,-2.0591895963981184,1.2295981454079037,-0.2440804736742013,-0.7686279808045611,-0.039307287627631186,1.1204015456290883,0
-1.9969933241003746,-1.07278068384099,-2.529560077694303,0.5151157518568921,-2.348802991290106,-4.641620880852979,-1.2455694986827714,-1.4083928283143545,0.07086778896389641,0.5581395145185063,-0.5222689314340125,-0.30384992604384453,0.41486550036191044,0.4939484823314061,-0.8713501450793231,0.015549503731749294,0.4632885301181062,-1.7952071828183687,0.04351466864346608,-0.19092401759870903,0
1.787428634315806,-1.780021566922703,-0.5495571359085801,3.8716909542369984,-3.7778179522366786,-3.080274889195742,-4.566480515459055,-1.692910383962167,5.049870344091862,-0.7666565877833479,0.8256798371623426,-1.596493501191134,-0.6058608207588934,3.7300923410510647,4.449546225323996,11.844836218667316,1.7193779062072967,-2.5565316070787003,1.9925153531681183,6.200604973956587,0
1.2071632087714814,-0.6163264773764769,0.6855077387902041,1.5697105715546575,-1.2343368417896248,-2.0218495367067693,-2.158800004979142,-0.26271785609660747,1.3190361355314448,0.7579218499236196,-1.5885082347773678,-5.06435842301074,-0.5353350870162231,-1.384909981345885,0.6220338351359028,2.723834923938286,0.35845361820962024,3.3733829444382164,-0.7309562757154733,-0.48628085631666096,0
-1.3972431901648643,0.5192272740641783,-0.0003136726117747121,1.622445262741849,-1.2215087985498014,0.8089903114446672,-0.856601822966937,-1.0565149991236373,5.432810988588041,1.7611881248673737,-1.4482639285526693,2.8025302505947547,1.0613709648731335,-2.3144334071203696,-2.696061146286925,-4.100156496552394,0.5320061988219431,-4.772018111273592,0.3616610612470166,-1.819399885624871,1
0.5538236968563348,0.2678325037970304,2.3200407220172594,0.6144212582301516,4.865283204807177,-2.7715871504983363,2.2778535778988243,-2.159256144891038,-2.3761400153358037,1.1218578562304709,2.432221444376765,-4.82398368638151,0.41644603810145264,1.0670751227951356,1.9070321042083316,6.7103929567429175,-0.05390484900573916,0.26968364922678406,-0.9823035803773146,1.3086281381449179,1
1.4935797290792974,1.1586407562220562,0.6124687940136023,0.36935262285120907,-0.9165282268887497,-9.470209382710562,-1.6185111230740632,-1.3306209315226405,-2.352859043571801,0.756788679986982,-4.2440599625051405,-3.0346441057673217,0.3161559571827783,4.498919729194452,-3.618644182254071,0.8744728589695826,0.46926758980852623,4.597751550734865,-1.5355721232071058,1.7162899677171706,0
-2.9861877478957553,0.33451485760803934,0.03279699541158651,1.9647254460849637,2.1681216930824423,-6.425667478419309,0.014740158677990722,-2.1647794543695476,-0.8235603522099605,-0.04865235157045115,0.5013664956735988,-2.006458420884935,-0.9637589262106109,1.1003678968122557,-1.7898457177158318,0.5687009276331053,-0.9571509148950429,-3.1777302386475745,0.34378788154988543,-0.1958728699242056,0
-0.8907447770345446,-0.9558642211639119,0.4720022709192744,2.1157727326046754,-4.326266620134436,-1.8047453225540757,-4.1915362570338015,1.0269905800522827,2.1038153120462106,0.49968511030293383,-1.16968329728186,1.8234312997412543,1.4872461553359273,2.5256525339002556,1.5660545663358945,2.3993367461205612,-0.580053241370043,-1.7699930113448679,0.23940450053537707,3.981107182090437,0
-0.46660193375765147,-5.057999305528853,0.2873289044030093,1.830870115159846,-7.4970426088622455,-3.997430116172989,-5.5127457455481075,1.1971191082361206,0.047217920996935676,-0.28744751940035557,-1.4032371145573714,-3.070873577422074,3.9262377064363267,-1.481673481126479,-1.8167152253618832,-1.7144660423759934,-2.0841129394985884,0.31038885287168294,1.7246966497611085,-1.1699330446695848,0
-2.9264771862661796,0.751598396778968,-0.6578345538521371,3.1089623514486298,-2.2874721315155466,5.433707801066075,-2.496953780398842,2.405357068917669,4.874092764185358,1.0305805856240573,-1.588374206732155,3.343050629533007,-0.9077561801469204,-0.8209965075892587,4.566898825439692,0.06536417223832097,1.5192839236417688,-2.7338020318803222,0.5107920885275947,2.501170955488723,0
0.11998179517899588,2.3969449770646487,1.7349365758368085,-0.9849133644214989,4.280812388838259,2.179333750352206,-1.0862357198606363,3.191108426805917,-2.4905733458687136,-0.7837535211244283,2.868358275323839,-1.741018633895562,-1.371673697230466,-1.6187220829968516,0.35260743905504055,-0.9992672126209406,-0.7094410024275466,3.9701257751919186,-0.2885486958757048,-0.8730836150859378,0
1.7039751339714724,-0.2686366241287903,-1.1482632887526183,0.6593992033682504,-9.08002749555746,-4.591145633491574,-5.66786093627016,-1.6718428622802826,6.299939267311316,0.8113965544915921,-2.7137894753316196,2.0361817640264017,1.340461051790348,3.4839095804277815,1.5675889163622618,5.174480980857417,-1.2995812369275976,1.8291255657465233,0.8297324178791745,2.374692963374302,0
0.29617133469096846,-1.120328306235871,0.4794415180860639,1.2098196045440668,-6.046170066907672,-3.0090918201217374,-3.6857854087625985,-0.7392696412631563,3.0727254451294224,-0.061764199860128925,-1.423458684604546,0.6672674332812367,-0.28487549336967083,2.7065319533582937,2.0953957380536665,4.079588758376272,-0.2561797524953801,0.651236231317193,-0.24149744587077882,2.064835023230523,0
-1.4208182893120984,1.6847690217735285,-1.1308884353259157,0.30024687001480754,4.481041908213762,-6.589845120919699,-0.17709381683468617,-1.706954261019808,-1.6219161806139382,2.0565435648295414,2.7084867323477346,-1.1586989577682383,0.4826878872092127,1.0818829857094427,-4.248787668500379,-0.4470686271333776,0.4200944904518413,-2.6725715924885023,0.606850593215671,-0.641835261546428,0
1.392898875362062,0.12143681105543125,-0.9162741005637249,0.34818170394085857,0.6474254077386856,2.3366056798077266,0.22087737839617638,1.008260723249209,-0.17906571322507486,0.7211353625455816,-1.0037224642987983,-3.7747062285052797,-0.21566763754763232,-2.0377177133530417,1.1841983426170397,0.04769855872404456,-0.8729610904537004,4.731817274977651,0.8814075289235711,-2.0553006654677333,0
-0.31131291423764296,-0.6024467167209686,-1.0896330373423884,-0.4009547990427744,-6.510737487929415,-6.92767264531086,-3.834054959104913,-2.810721599013394,3.7901514346823744,-0.6520888885930607,-1.1435006218336858,2.1415590823976323,1.80930634973311,2.217795698659389,-0.8217051217245729,3.012854067786858,-0.21804589539237385,-1.6785334099561797,-0.8476339286190848,1.5053926327146199,0
-1.740182058478513,-1.2428556197130378,-0.8953463223630241,-0.7562887018472337,-6.51212685060729,-9.88493297749854,-2.2891844911955372,-3.91570846089537,1.512444266253201,0.2553837556743171,-4.082943530498948,0.410084636053494,-1.0138959522925377,1.5656146225151684,-1.3156180257848793,2.3667004658082864,0.08568716140335904,-1.842770284579535,-0.9254246260595873,2.2900916992008518,0
-0.744327506283879,1.2776726030226508,-1.3224579567435701,0.5786577935798751,-0.4072543193536864,-1.9752484391312108,-1.679176692531139,-0.35429394537960335,1.7223161644249918,-1.3510743662080213,0.45431448454232926,-0.2365610340074773,-0.8254105299789551,0.22166867151709335,-0.3913370596522038,-0.005118323931503863,2.9490944253087252,0.8226812652800779,1.2446795807367868,-1.3363380926848123,0
-0.7478985738852154,2.6910022850236706,1.673452090298537,0.36446424431472113,3.429617020877877,-2.4704423220362064,1.621880435652264,-0.7906161606988255,-0.832317249269904,-0.2716551103260533,-3.930715370582249,-3.9523899770963107,-0.7217375533372533,-1.6499752189232795,-0.9668479946483415,-1.1733461557728935,0.17682087213939798,3.4514316392443134,-0.5466800845872654,-0.7849685478341037,0
-2.487086411422954,1.111942284743618,0.24930859564172886,2.721966940917539,4.32619718845266,-1.5515110491495643,1.696383931496697,1.312906035260768,-3.6828230921618617,1.0237095461069814,-3.99634122462308,-2.5182699474428776,0.38680852068920263,0.9051664310097711,-0.6131569607589261,-2.328069458414674,1.090980425185967,-0.14242196771250967,2.012270445700765,2.5193874780125776,0
-0.7158443738647169,-1.214351990772799,-0.6243453897132241,1.2002369791091057,-3.2559500367333776,-8.627677150756275,-2.8421632707252398,-3.8591608771142347,2.660070428291086,-1.1896666590903613,0.3584915002721265,0.552652278565559,-1.876552706041874,3.153788979703352,-0.7253632406683914,6.289611634048054,0.6197114459661363,-5.347337719267858,-0.6353623888256293,3.9933562028271288,0
2.4445386072935564,-1.4936122922506105,-0.1873290184063747,1.7117579408002164,-3.264405235137736,6.293619738605587,-4.007132125713275,4.065834474228679,2.761649469467596,0.29219272832637316,0.4466492366028424,-0.35432638064034827,-0.9096834169818336,-1.8627818870412969,0.7900622563945061,-2.0254514440820435,-0.936506374789596,3.1061346189725834,-0.6677795564688862,-1.645208252848342,0
2.0420114118596366,2.611277648519616,0.6927227551168594,-1.4971138532150894,5.338346688786617,5.189771481113134,0.8325845061862003,2.4690710103083044,-1.9769226287142279,0.22526411724754952,4.030142080613928,-2.064400807600286,0.32159321133923857,-0.773959698299493,3.7664727809112253,3.7369644039977095,1.7549330716472415,5.102798058791509,0.01840163078343813,0.2770306449871527,0
0.7339384607297277,-1.1075975299220424,-0.4114931445621802,0.5919090327671777,-2.6579970607427437,2.822240679134009,-1.3505889374007984,0.6734086928400786,2.2697090631516765,0.07268052432934134,-0.22289951722434553,-0.9046406346327248,0.7396531517246714,-1.6270547455329796,2.266577359044745,1.198048681577456,-1.9093560875072928,1.5089293899085496,1.3183023248526693,-0.8589052163233643,0
-1.5003140856619757,-1.5518867018369025,1.0352493347237526,-0.6796876418767535,-4.000979149623044,-10.648363465331517,-0.9931079804435681,-4.253719425527148,-0.1654101144416892,0.8901984111247868,-3.092921503467754,0.41127110951307255,-0.7584953347000695,1.9808338658513975,-3.513822771718232,1.3595414963235428,-0.23040071420576733,-4.064238817095588,-0.9242331442683044,2.577735853624387,0
-0.04886232388424294,-0.8456019258141367,0.2700573583914221,-1.4982118815119296,1.336529238911485,2.672315146969351,1.2900973473441124,3.6299288714115203,-6.857250429789457,-1.8206033005485172,1.9371158528905843,-0.7291802934377831,-0.25885440036983165,1.1590849763726587,0.13119006908987318,-4.295261764303461,0.35250496835687956,4.963761275014168,-0.5703513664136806,-2.571536437067804,0
-0.14036803466907966,-1.7044709286672224,-0.031058932870901952,0.48231111478892197,0.11726437276396537,-1.6164707446676998,-0.4204023912605128,-0.17801847909470037,-1.7599788533591243,-0.5846177306571996,0.7752346893912183,-3.7493039741613834,-0.6373077470287948,-0.9571745854106916,1.104794148397509,2.64584460027333,0.45838670355148425,0.6515077046175539,-2.0870270186020687,0.27699822054145096,0
0.87041240517631,0.9414814262105096,-0.4711246518178786,2.9616742550474857,1.3404953186321875,0.34341560250682884,-3.0499165358955804,0.5481957849858212,4.107541415471257,1.0826910538870733,0.7603006342284723,-2.6082781078544066,-1.3354815690998914,-1.895616765980909,-1.0273292896518926,0.7762064590944453,0.486036289417637,-0.12155987744079526,-1.5473039889383655,-0.9958928182189274,0
-5.461500962856534,4.058450262946102,1.0176614668435024,1.1896299593896729,7.665780965408022,-1.480173284970092,2.1361490910964274,-0.07758383199246555,-0.8258399387716648,-0.9175028210142636,-1.5310987196745371,-0.42817774134113284,0.8187776437548606,-3.475223837582395,-1.7698796911992978,-4.125625986312668,1.5379319184125528,-4.397278112171736,-1.1225448062444139,0.7648825848964076,0
-1.1120356189065772,2.9752273177164135,-1.2565068942792563,-0.09845696140878268,7.034808153486895,-3.7882253516946087,0.4628522139695974,0.25907671963196743,-3.2578328549093984,1.4436320034688142,2.77411989844391,-2.6763067443699575,-0.01383774609423725,-0.30452593382614035,-3.610780272369155,-1.9722946833087334,-0.6897277740641738,0.7023441510428892,-0.493122822399772,-1.6935879370073188,0
-2.972794910424799,0.1969372602885382,0.40865281148067084,1.698340353018894,6.305728829363347,-7.79111049725469,0.5991181197659263,-1.2090740582825588,-4.571832585498284,-1.77623523289832,1.6161558307713988,-1.6566993730234905,0.26125053123385605,1.7285616330335611,-4.144619998695138,0.4777444729570013,-0.36927713924620315,-6.842366338419864,0.14338846734225108,3.9312479741853905,0
-0.8916607608373891,-3.0540112783709565,-1.92767257934561,-3.1236009797605426,-0.8014961070724115,3.9863780732694214,3.983556125342448,2.719178346785707,-7.712148254131128,0.39379729821625153,-1.534908829354933,1.7245132547385555,0.8141517621182666,-0.9799952898729671,-0.9634869667667623,-7.618432476894162,0.48206672733538614,1.1884858888003027,0.3687331473175197,-1.3540738093364864,1
0.5404879101934503,1.7226420988700935,-1.5350402475323597,-0.41852342535744613,1.7135430851023847,5.206094320915694,-0.7683250205071536,1.9279891917275773,1.802916682604161,-0.6176416769336966,3.92991761277845,2.29133996779482,-0.40968659262949736,-0.6265831179723755,1.599830039465245,-0.08012146940722956,0.7123221595801621,0.46639920774730825,2.2816518365388427,-1.258017439668135,0
1.4253448263033612,1.2152643948084585,0.9113627221747217,3.089886704071823,-1.491771132287912,2.8682355713464216,-3.136572812745879,-0.6120514930390137,8.391705348468497,1.987275999230808,0.10717752413067294,-0.968557842838503,-1.9122549754197768,-1.936991595925701,2.0936833302559767,3.5362098012863443,-0.06863404608546861,0.01742134177894783,-1.3683150388328105,-1.0609727127378674,0
-1.2169415714759761,-0.4947486299003814,-0.2346205699574138,2.7007265691833053,-1.878085193341235,4.489829316663868,-2.3920239974072084,1.2093906950664701,4.472094125280904,0.8584511166566653,1.335629273425853,0.912561698423235,-0.4081008391602206,-0.8921217992516015,4.834053519473967,3.41163909171102,-0.9958153947902291,-2.1175858666934424,0.651136241823657,1.3298155121495725,0
-0.8861679880788349,-0.7148210690343706,1.1173988159024608,-0.5092446006922542,0.4113254078004374,-12.175066256884884,-0.2786359404919565,-3.5015152453772,-3.6999822800557225,0.501782736167545,-1.0889792186565532,-2.1592481281783407,-0.15589817793666752,2.9447634960636404,-5.3041496146655485,0.9808462016688899,-0.5482872964906009,-2.3964611965754012,0.1600182258527877,1.908492084404147,0
-0.5095288311696369,-2.1740403401219095,-0.05240445057746945,-1.568883963889723,2.827584488362512,3.223861537795304,4.876037880898226,0.6752965779306794,-5.32439941464802,-1.405189846803575,-0.6161113251373819,1.2941090651395566,-0.2788833941507565,-1.168885458698841,-1.344937031710025,-3.922496952709379,0.8451579711843216,-3.515801459021587,-0.04889718347410554,1.1962575287203674,1
-2.1202032405349076,2.242439354435019,-0.47949296739924335,0.3510955443748953,4.374803877728942,-5.591499090719079,-0.15979402604051252,-1.516586554388815,-0.725133177094282,-0.4430440211284823,2.6093938121105356,-0.23200320855950896,-0.8610879101735704,0.5716513198249672,-4.001274616193335,-1.5231327436569004,1.4033699701251907,-2.9375947284652275,0.6979032725390276,-1.3168794041058955,0
3.226291482194333,0.11993716298190482,-1.0022170189267248,-3.5018004939908742,4.105706770654612,6.938826909577033,0.6872770272641002,5.116237973536538,-6.428927055397468,0.7760279138434754,5.004236154946008,-2.198415301750043,-0.9457460606967811,-1.946621802892087,1.2068310332889087,-1.431098423809289,0.6082461916849685,7.286215909619844,-1.317131919946585,-1.964619669067052,0
3.3147828375954322,0.7079189208659078,-1.6304732437151401,-0.4375319011665715,2.0001852127604174,7.435798436819923,-0.7077327815643752,3.354304831943489,0.4700462631953287,-0.18689615816198485,3.71556232819374,-0.001958285499623069,-1.1476913898156673,-1.1267264047172354,1.073193554949802,-0.5593613924918243,0.08520944963390106,3.7740615877617585,-2.9911359709007233,-2.095777860638888,0
1.4197016263734024,-2.7729958526781804,1.3995946451457935,1.6884843996202834,0.621895705495828,1.0567834041367243,1.0127211181305538,1.9390706045603308,-5.252541778256458,0.5740712208940013,1.423367968955635,-4.829396565892555,0.9137716213855857,2.3937038943859434,1.1220808515402096,0.053728660159071684,-1.5457297866907331,5.040677904641665,1.5898389781806839,-2.591624941099913,1
3.4823235341942365,1.2906197760483855,0.5156280884439565,-0.6438012686647216,1.9389110114706596,4.399046963265193,-1.20245242929615,3.3769059538405983,-1.5516584606031991,0.9753124584779789,2.6761202863097573,-2.4054302572847384,-0.752435237353035,0.3762332791105756,1.76300306958606,1.1836981010998775,-1.466785190615677,7.503962572922642,-0.5014021468856367,-1.546438792108093,0
0.49933492911205835,-1.4657697745789644,0.5987943895619102,0.062292901801005995,-3.826642062091522,-11.60594871533218,-3.3887368216219973,-3.7654184219590383,0.35103440611454584,-0.006521315229458062,-0.07271573612651983,0.14639987299052315,0.6515219913395057,4.766294414588048,-2.6980636096070265,5.912281353431075,-1.1376856704248166,-3.55250946672622,-0.20149153394751798,4.578557261074766,0
-0.5031911768349424,1.585611939135092,-0.0739475656083926,0.164742907018119,1.3973102511818627,-8.131008861161027,-1.1664989130215373,-2.580097563351722,0.0418885100133829,-0.15083771156669531,-0.7594392678279043,-1.7076815029285224,1.75547569831549,1.3896663286475732,-2.974141334193142,2.1301231592999907,1.5730197252148563,-1.0401842986620153,-0.46580556911816284,1.588319101230494,0
1.2555681202062454,2.0169666522754355,-0.7330329955239894,-0.9421083792004747,3.6901602632137953,3.449478781609243,0.24603317202116037,0.9399055902755014,0.39328952916340726,1.631856899089109,1.991263001831288,-2.8525807939246746,-1.2693304965466992,-2.933365751193096,2.9840929240628284,3.5999532090160398,1.7025146581296056,3.24197274675063,0.20232879642280202,0.12090146434873295,0
-1.1154942834349053,-0.8459793453153772,1.2289805024890619,-1.3331746230079116,0.29576978488344063,-2.5754599435227057,-2.5867456039220107,1.44572035850489,-3.225401564604218,0.5348173363459102,5.074332712440808,-0.5104850200245692,-0.3078084711388841,-0.02109155419470299,-0.7640480437900641,0.1373143428411353,-0.838585798447231,-0.05280630523797691,-0.8866809222834573,-0.7388435539614893,0
-1.8882559706573605,1.7786716426783702,1.2358116200069387,3.138154433422333,5.447068618583936,1.7377372220424963,-1.2995972938908258,0.8565889697259934,2.20704413881875,-1.1165244399486591,4.134067967272159,0.10998369470576486,1.5337277099164992,-0.40578488338225194,1.8033821057750337,3.643442627769344,-0.5358014630522978,-5.451402997752887,-1.7073579575929467,2.966162798518039,0
-1.7318161432398584,0.1713753403801912,-1.5311075025557221,2.5046097089214454,-2.653045515363415,-6.0156519916654245,-3.388172654602631,-3.1347539830461613,5.175403126158147,-0.04347694981386243,0.33034677536330204,1.4392248802105803,1.0473177066214483,2.5153833719801972,1.1144073844743283,6.465260290987213,1.1695899924277735,-5.80894540646378,-0.22939074406802776,4.063585333772112,0
-1.030167022998809,-0.9114170671282202,0.3350580290841175,2.745387762252208,-0.5428534585717414,1.9903425522693892,-0.7610837622760105,3.03085661234661,-2.000668520391927,0.7318707042882956,-3.6194786103903565,-1.3359101104196582,0.6791427754381955,1.1500697482847198,2.4392741746372826,-0.42173010181987686,-0.3020454994898642,1.404389800343539,-0.3294477863470914,3.3318113928378277,0
-0.9729986017456259,3.152069082486557,-0.08343796979036086,0.6174450478426927,6.522793009933651,-1.0633231516449067,1.572485754416495,1.3758433553089344,-3.282425209796674,-0.6500239344068982,-1.0151861628222425,-2.8149061459380507,-1.8461878622380938,-0.7475182853911713,-2.944660354875036,-4.32499218178287,-0.92951086019241,2.6584367782730625,-1.496529255090079,-1.5543142729884578,0
-1.7612353023651799,4.010811146040327,0.46320629209912306,-0.6365092334285896,3.617737684754702,-1.3939479443321692,0.5783186019885418,-0.08561624699232728,0.37084974887382943,-0.9483480042242007,-0.19917011920581562,0.16267356819941692,-1.1755946056248516,-1.2973558176788473,-2.5948239010113117,-4.468311802719448,-0.8950698422766047,1.773516490193297,0.5972282182533848,-3.3916045738349023,0
-0.2507004189653641,-0.38354361779939883,-0.5391227031489786,-2.8043812474428527,-1.6203825765018265,-1.5537268104819775,-2.2494645413305223,3.800095420328558,-6.664133441144252,-0.6078752606758179,0.8192059874453188,1.5017128700172773,-1.097302527632844,3.149795835841586,1.24263772747513,0.1071907011036641,-0.5888668267386961,3.839414915156826,-0.8372624310497003,3.9614816476594306,1
-0.6983951672580371,0.8180111990398348,0.9022771737866472,1.8698855493538171,-0.7212379369018082,-0.3398970376037316,-2.9886235034033057,0.5071501600957284,2.984675880182988,0.015618333949603047,0.9615665677921983,0.8949485831553603,-0.7847619081277034,0.9739714427219963,1.6932377599479662,2.9859598274539203,-0.370508098590029,-1.6035816652169363,-1.405567019178642,2.267167722665067,0
1.4556781957178582,1.7578866111070457,0.041325632270618466,-0.1481805871515034,-0.46045292299400314,5.207197545470128,-1.274121546985831,3.1843687215984606,1.481103890715416,1.494938227453236,0.29844503188872773,2.0130045599981443,-0.08923415422144892,-0.436062469298672,-1.2866136097547178,-5.852221257688688,-0.03757064497948127,4.471701670083279,-1.7312013034449254,-4.1579868593687115,0
-2.0136708123062848,3.8213350241588353,1.2748750412787222,1.4484185065130704,5.317129756863566,-1.4748447927340844,1.257478797009313,-0.6546554465073992,0.9176165123245138,0.8970661968871322,-2.772169203099361,-2.066665688462651,-0.18452535765584954,-1.7146556293358022,-0.514602936169992,-0.4658171717741079,-0.6047446645382127,-0.25821774424694954,-2.205566057099069,1.0227789030934176,0
4.242659359425048,-0.9628494243270007,-1.514470309180767,4.042290936336114,-4.447422440774964,3.337978412675469,-3.971349076100448,0.5829943340068436,6.965267446999127,-0.5293321124483709,-1.5635397911780586,-4.062015913289258,0.31745326125017514,-0.2626733751370992,2.4996065666249665,3.8120880311787837,-0.33286040438251124,5.421235434674323,-0.09338685889994829,-2.35305640484693,0
1.7151073737594063,1.0226727313830517,0.34005129456889044,-0.029568197484004743,-3.3175511417834085,-4.999032857051686,-2.000957844580526,-1.6365720077753676,1.8345016579600624,0.7903718960517113,-3.2645760290740746,-2.1232719128071222,0.8132051867479773,1.8869851476887325,-0.3742929947559993,2.3881244656615586,-0.2789629303318085,4.975301519394777,-0.2797601684958344,-0.22550122598265254,0
0.11820739135575886,1.3663524120456287,0.06934433703625043,-0.13892501153344994,1.9674473654780291,-6.918684382460979,0.34821114876973236,-2.3864677901112157,-1.2583064138416507,0.20726732939894396,-1.8627947112189098,-2.9564622244323155,-1.44964521969853,1.0294126635210195,-2.5322704728187984,1.640100155650907,-0.9218598131253132,0.8720407824098801,-1.0039573720814985,0.9879068298932595,0
0.9812342767343997,0.9138241239888236,0.714609790636618,2.07767305487169,0.28472627093519365,2.308303149446587,-0.9940593972443746,1.0939689170793745,1.2587110158448476,0.224216404290793,-0.15543699883735118,-2.5929086150165177,0.6102161695892225,1.4947695568173889,4.96800003169036,5.3459700461556805,0.15697296096843422,4.007305129679048,-0.5865312695639355,1.5025913201138468,0
-0.05573375516738033,-0.37756321613496535,2.4267164863455224,0.01645388115413904,-1.4372850799910473,-11.998436179642757,0.1674108200653852,-4.392617045013793,-2.087083630874301,-0.3084827884558197,-3.7069198776582537,-4.1359948426638935,-0.7095798547491726,3.028169216992764,-3.679435417254247,1.9966208704684807,-1.2585049106753345,1.5549007588691892,-0.21701705042437042,0.2058534450211822,0
3.6799535652319397,0.5442459848212124,-0.0635245746153551,0.052449423698775366,-9.360417491485691,-8.691017278892488,-5.656099624369854,-3.401781209587142,5.853768536638481,-0.8000385643976464,-3.3290833286270582,-1.5151153445361776,-0.6256772874962124,4.762479080904516,0.48464338469876544,6.7603737670333,-1.3192471945987674,7.134780987326691,-0.20298063739565708,-0.23367976260772894,0
-0.3454161100503409,0.9231292579566813,1.3289333195354096,0.9656705813457506,-1.4454247490294552,-6.220238734174479,-2.356056397974754,-3.369967162710374,3.9878407025032523,0.6220699903060487,0.8043093365819238,-0.17818996753723337,1.4313667818311835,1.6444671904906052,-0.45224348314469653,4.847911809412805,1.0817667276728287,-2.3239786685373907,-1.3122191934314063,0.9799350134370758,0
2.7158900410063413,1.0620781085891957,-0.5835993263460049,0.4105871830324088,1.236601175247822,1.7983773268744618,-3.348727310148475,2.869113083842257,0.5362127307266178,-1.3971181851129912,2.3705411322274923,-3.1931933987407577,-0.09363618873917084,-1.6590722838986185,-1.4603523633485151,-1.274137916687661,1.32579664754219,5.584628482468295,-1.28716356858425,-3.1905334252149684,0
3.9416206666866005,1.3282433691178732,0.03444101170584135,3.607972846908323,0.9788108388312831,4.782311635896992,-3.584064238853546,2.3006136659596486,5.884237412366033,-0.5098066931908826,0.22469171701288426,-2.8303237780510733,-0.38852077518300926,-2.1022013079986452,-1.5115419795497549,-1.084162766377004,0.19042388992505774,3.5274602522577747,0.44921872128503426,-3.0700056506817583,0
3.6533551471614647,1.2982825920678085,-0.20661127969604665,-2.222204982800809,2.5275991614412976,4.562287595838107,0.13112321009564143,2.525158097731942,-1.6076378689042266,-0.9627325652846123,1.783551591213405,-2.154722477927869,0.446872500802698,-1.9873989719251397,0.31914552117219996,-0.25818644161986204,-0.34254920085776497,6.387042148175318,0.1704637709965709,-1.7912577034107118,0
1.191263220356264,0.4514656930279016,2.411676675578421,-0.2673476799364798,-1.1460038460648139,3.430181072373285,0.7458525899893771,1.785990419764993,-1.2608091275264683,-1.1302037246739238,-1.8050146077054143,-1.7432741561640652,-0.9600462952794637,0.6611703366601753,3.2221542108420715,-0.05137419852395485,-0.12270893359572414,7.036351750865171,0.09337237427665124,-1.6582620806506911,0
-1.0418353919611203,1.0950513990531903,1.4363354057059785,3.5608762129475813,1.4343474432996821,-0.7883440141148443,-3.6704913908190684,-0.38125936331783983,6.079303884135078,1.186734620177331,1.3108993558033983,-0.7937107320075484,0.1480894197982762,-2.852681458198032,-1.9974140826516953,0.18917848074029958,-0.8810683366612923,-4.762983283750114,-0.712220763649051,-0.36187156902269224,0
1.0673940853281283,0.11861481315157851,0.4097627959594974,-0.9106117132530835,-2.5395019583607747,-8.596707613241568,-1.414612446716051,-2.4717015019632065,-0.6487799017104311,1.4104591452035038,-3.181837962537868,-1.0331294367854036,0.7045065398247231,2.5686391564302538,-3.5938075580362416,0.9425324462635801,0.7890566873755189,1.356272824073915,0.08382662792936094,1.4644632293079385,0
-2.4739071147055585,2.053890030766906,-0.8514064342603136,0.734112619172786,3.7110826526912164,-5.775182392324576,-0.12173565174189915,-2.072070698026166,0.08192498165235708,-0.22979963057519381,0.8984810770811877,-0.8513888960288749,0.3278795241593574,0.06251567739478814,-2.2562645953254696,0.8102739365371738,0.08589300629333041,-3.5190482092164364,-2.219300372747535,0.8340839386077008,0
1.3512224730878872,1.2595293050888332,-0.03901951937754412,-4.917665759686269,3.721235741027301,3.7835703688751665,1.557373719241868,2.658913707458076,-6.263040283958722,0.7793490039053323,4.980507418258965,-1.8514267068831285,-0.9878733409007492,-1.0851404607172503,4.58304639019161,3.7479181646139237,-0.8468509661253646,6.648840072154368,1.2496189052966666,0.39095352096109015,0
2.425800185078194,-1.6274995360385773,0.9242701395378298,1.3497237291091526,-6.396227286997629,-7.574627678563728,-4.657373049243324,-2.8380222654970497,3.3807164479554563,0.32782117284308526,1.5316474574185315,-1.1334122906857136,0.5346290861224353,5.173420896453395,-0.41191915562275405,6.101756738882625,-2.6357477390168778,1.8277266844389028,0.003375506597160999,-0.6281567359621358,0
0.019734553223630602,-4.298705191892422,1.8325570434792018,-1.7359963621651944,-0.5991572707916282,1.81459699314474,2.450862408607343,2.5718992915325307,-8.042930001187136,-0.3212427661179117,0.20254196336311447,0.6616758254047888,-0.11676591579524663,0.7889531075296343,-1.5722243732297039,-4.8231263982056065,-0.6355578414044034,-0.5163999774825734,1.7388513518533313,0.4552128388904657,1
-0.3152152747155643,-2.2682009960740626,0.3676492929914216,1.0855614656366974,-5.5654476811311895,-6.160739696975083,-2.756333530249824,-2.4650958910583705,1.8525345773494992,-1.3993061748019415,-1.3819765100297448,-0.1708536815540599,-0.8184286659420014,2.722233111749466,0.8315880277355041,4.944412865915971,1.532367724678116,-2.0234126233586096,0.49986412374037137,2.879778514810677,0
1.9421395410576432,-2.1504160883791337,0.7214793237573432,-0.08136482474910944,-0.7126203919684612,0.30936724885015776,-2.5138347318824903,1.9081508009997918,-0.9054678242278235,-0.7353034606819523,-0.30464002667685786,-4.777959227787942,1.78179890877106,-4.77276115055977,-2.8455174850126057,-2.6400898283523198,-1.6566232076777738,2.7317434663087248,-0.5244481362626519,-2.267748616314205,0
1.4995192391922503,0.2745880400079913,-0.13939720066323416,0.6543558446140834,2.8517868875561003,2.3864561775446225,-1.2160857624769732,1.0699827529602934,0.797935520303648,-0.35802937974698623,3.206103385982587,-2.3451551929598686,-0.4835614838465371,-1.8018800898166618,1.3210293842550231,3.45937760142369,-0.6121669171548207,0.13256311040179672,0.4912076654119963,0.7869685492658465,0
2.222938861042655,0.5266784642940322,-0.9489165208248372,2.464584522025618,1.9224698029266374,1.587456745979623,-1.1612873019642402,0.2648683259074669,3.3901970972058644,1.52100622715938,0.4543036943458624,-1.4858812549009586,1.205994516546816,-1.1724923235282134,-2.80292531158695,-1.3003226317238221,0.7774073527645112,-0.5102262549193796,0.46667098196608103,-1.8613069033502523,0
-2.4707054010045653,3.693756105529107,0.2531652380379812,0.2845167147527279,5.055331087844368,2.6963642387101623,1.8824338111392005,2.219607994240922,-1.2807132697029198,-0.6315777291653314,-4.365319088510098,-1.7646082626359672,0.6295295842218108,-4.0601437935467946,-0.3715988906484129,-5.501375974262363,-0.8043157596599924,2.642605011479018,0.8953554307625996,-0.526906269313083,0
-3.5009310145106642,4.06119985519045,0.8691560643892732,2.4148729693139614,8.131148473093798,1.6113337406618593,1.6380120381381658,1.3321956183308359,-0.2054439647389366,-1.2376624223272978,-1.384491626169523,-1.3614494864287645,0.07595526791608741,-2.6476163784402216,0.034845471080458434,-2.0907426144518237,0.7426824183597224,-2.4190775754571043,0.4822489526806572,1.7927051775335587,0
-0.5595793210146289,-0.48426219529557346,0.1941076309533577,1.6418181262779474,0.07115934453219763,-4.395396477148485,-2.3125296799779007,-0.6960735550904817,0.1465910093120036,1.1797252083607102,0.12122694145171353,-3.965739118768873,-0.513196364513396,-0.30012825944676647,0.29116373534425577,3.587135409404332,-0.7179188907476018,0.12136133255845925,-0.23052462518025083,1.2116522951453175,0
0.9819422638412321,0.9025152857958663,0.4512253193185082,-1.4453203077972212,0.09575775370106897,6.729972123130093,-0.42471102803429894,3.6360529382623437,-0.33760431897127696,0.9003985883950636,1.5562001757381334,1.4549901244873684,-0.6769951384585313,-2.01428683753569,0.5336133642105355,-4.627768403446216,-0.772659445270824,4.247724356694697,0.8301918118626102,-3.4787519693297377,0
-0.4210893178633479,0.3985981475956557,-0.03143917037477642,2.28369476797254,-5.124619152441831,-0.8314331089613345,-3.5636389954636085,-0.2171676250617296,5.042427712676022,-0.9266983088473107,-2.2982932331291357,0.5939940545914524,0.5950294658355647,1.5628239594280708,2.694748936136973,2.5093973241882392,-0.5574230531083212,1.5657567440362206,-0.41299782214343406,0.5035778301908191,0
7.139832336310675,1.8396673963368082,0.3676198402097109,4.300612217605549,0.3824096193989028,8.926847984762036,-2.994058289541577,0.8226148630264091,10.9559203063622,1.0581183250871502,1.1929264145488185,-1.6941785549442563,0.6032475005713938,-1.1047976565569013,1.626388416930094,4.451213049547759,0.29815846599052565,3.3650628363770125,0.6386601686431024,-2.188680359056843,0
0.6330206298024259,-0.5575406061599992,0.38298898474092846,-0.3968298910562176,1.11883519090493,0.944804849089722,-1.130501859904547,0.42812076475256156,0.820828978260462,-0.38502181171286365,0.5054077762687914,-2.859979121341043,-0.4997301761516306,-4.823770718890242,-0.6759630032313713,0.35385125196983747,-0.5262478565174211,-0.40675604094225676,1.3883377782084478,-0.16672148447753243,0
-0.3678018651588666,6.839357105084784,0.9854496856152184,-1.7789958351370045,11.425367201416577,7.198968707218035,6.907457833995361,-1.1089329896684417,1.2475534916499575,1.5781180575621845,0.8400138166953647,0.5569358233565997,0.2522403964266774,-3.229324511436825,4.014721463027833,3.09476963402591,-0.11622904312195817,-0.3319940326829431,0.21471318317052634,1.592835516131033,0
1.1998603853163243,0.49048732635585235,1.2119439853864005,-0.23846597380378776,-3.3037523668775233,-1.0464389267994356,-0.9783790771983489,0.5820405360401271,0.09030934013550612,-1.3659557112005343,-4.39909847695051,-1.783868020536914,1.0599363840466218,0.5164308921532692,0.10045902982524635,-1.4689493382573682,0.6170059495766975,6.457013932131191,0.6835693232004776,-1.3941726068321794,0
-1.9950283739531187,2.901118536443476,0.5532512199847837,1.059082210763839,4.710313405131862,-2.0430287314565354,0.46119366067618595,-0.058779466250383994,-0.643440531108119,0.17183933979353122,0.5151079278462178,-2.492337250100196,0.8545252270666157,-0.878183267246146,-1.1736932660731527,-1.5847003718327433,-1.091933900395313,1.2095403393871669,0.8902475008365087,-2.1370225843571378,0
-3.8813885449132406,1.803216775803847,0.9218015019772522,2.164311114432267,5.327589643554482,-3.857619141747854,-0.15991405607010645,-1.4082415080595307,0.7349479952424748,-0.3135296861723979,2.583871760732109,1.1339360276029153,0.17521141890851205,0.1333313416737224,-1.720575974802533,0.9769373511077838,2.98525900260341,-8.262031051138125,0.3674816654743044,2.7439403399774633,0
-1.3489701381896624,2.1963786740446696,-0.4159669279473586,-1.9597743803446006,4.064622563715587,5.179748125122842,0.7914872406714979,2.6860347160195426,-1.3326102799969508,-0.09662367001488972,2.409624270467149,0.5155230984332881,-1.7518288067517191,-4.2122265010734115,0.9473198514488339,-3.0966233162772556,-0.3899237065594453,1.1576894595224494,0.15805348992013185,-1.606866413309303,0
1.2173126780889159,-0.4143360109016949,0.4322629506341555,2.9287789261649513,-2.4352695488665623,3.1636895336911284,-1.7462347643455352,0.2950419164299517,5.736024364842408,-0.6028206557839616,-1.724021858560116,1.3353608065529157,0.8467707752164937,-0.7898061764652782,-1.3743536349934966,-2.521255345437641,-2.1272274203514954,-1.5053053934641225,-0.099094300241269,-1.770906683647067,0
0.837482899764241,1.4518029047940604,-1.6065771007386793,2.0550368777936106,-2.867880787971645,1.0452175648098492,-2.0532870240768464,2.297422722279769,1.1626456215698866,-0.43676423723821745,-5.313074914676786,-1.7387585180044096,-0.3695269288333586,1.8271143842715052,2.1074914605644253,-0.8101150751728564,-0.1314725956716678,7.410072058165401,0.8260471714415063,-0.0013445657427071378,0
-0.6268390522391966,-2.3182056848430856,-0.9647054257507148,0.889492558359379,-2.6655000033125797,-1.917807412963467,-0.5140629271287152,-1.3709604617097464,-0.45896189121494063,1.23000057271915,2.3509185436647435,-1.8918955588188568,0.7060789138151315,2.234203029244848,3.9547364782996386,5.721680507569952,-0.24268127681203333,0.3558841308278194,-1.0263692076658921,-0.03200448141349366,1
-3.6611813635049906,2.157288539178863,-0.20931381957936157,2.081235195865891,3.1653080842561447,-0.8876661217491654,-0.3239805545552654,0.04423257992393359,1.1948178855524187,0.6833289928110694,0.25984375565880513,0.40996683957550606,0.8872908372667421,-0.5832036819588744,0.6237293415582787,-0.2588630018415284,-0.7632861041785816,-3.4124087683038695,0.03793783544760203,1.0817664184879523,0
-2.7303377722939577,-2.1723317531286166,-0.24338397937501807,-0.17467377729096945,-5.862168765290906,-1.863267707187662,-2.0651555157126795,0.6811389125905898,-1.0809278163214486,-0.2739930818293042,-2.8047404752446496,-0.8018826222386797,-1.703871586826719,-0.44205046172971896,3.613916524656643,1.0645281157306608,-0.9244659881295544,1.7141205194369957,1.5628887685081978,1.3441084579791096,1
-5.105714922241279,-3.1699237471711608,0.8347513263248821,1.7583690171818487,-8.241198480323792,-9.204517257315333,-6.043001500335731,-3.9427261321332714,4.867106482280531,-1.0921636327180897,4.932546827826903,1.6559249413363513,0.4751677464953816,1.7873031798124435,2.120469933389853,6.044162456562869,-0.002403840918853844,-7.135540338908374,-0.5892716517893062,-0.6001379205150038,1
-3.9691263213905894,2.5146541704231433,-0.6292633936927887,1.2182781632770128,8.463604391090598,-6.013341008630247,2.5674994858075704,-1.6171396755950926,-3.546170904450391,1.1126883749899252,0.8737345670874839,-1.9328234266428213,-1.0293715081820716,-0.37200277532896053,-4.372984190848601,-2.553230475336289,-1.3526702858435344,-5.003138373612541,-1.5223591862178911,0.3449666240722117,0
1.613754543239573,0.2929469458250875,0.5565531245337582,-0.3755811941100431,1.210227107565989,2.8888632853864333,-0.46050667317155336,1.434937238166235,-0.05983255076492706,1.8876876573401904,0.28028326904067546,-3.323343026890054,-1.907807557877391,-2.9579070627429123,1.298898215565344,0.8626323881620662,-0.8603850107795019,3.8987685589287953,-0.41360553342164424,-1.0796935146006237,0
1.7638139696448576,2.6167454988479144,-1.1062935124116342,-0.9293489428587642,6.313528605065137,4.777161429913559,2.2164709012468964,1.611082696809531,-1.1567659056612618,1.1356201471829441,3.223703803277461,0.332044475947761,1.7473631979155582,-0.8656281919474292,-1.1883386510641807,-2.066651164159039,0.9321915642603847,1.394833148280129,-0.23655528721894603,-1.8855941104114342,0
-2.6096747976889065,-0.7753543035657919,-1.326472128311083,1.0293785922501515,-2.5220056624072176,-10.411796035828305,-1.723206647931315,-4.551185465553999,1.752338798986843,0.39069592092814415,-0.6698156885995924,0.6063783418911919,0.271495310825648,2.4545868237363133,-2.419382005613047,3.1785228178040694,0.5514762752395233,-6.161468880868467,0.3405892164004968,2.3868582771120384,0
2.178361623358909,-1.9616962130431825,-1.5171736966716791,2.5789420525114695,-0.9258184404915285,-3.346854698168188,-2.575428342633681,0.26526966402898833,-0.5804607976560674,0.32950873557300914,-1.3534431102753284,-7.028756679673406,-0.04551224530124217,-0.2858988113305271,-0.784516129992819,2.4804567822765593,-0.4242363333980435,4.041556864258145,-0.5698329282387588,-0.600519234026891,0
-0.27778731562514447,5.339382916749747,-0.9519184600222356,2.8215887984162116,5.6131435576547934,3.230146467178793,-1.8142009749791201,0.02909999854527834,7.406281534580406,-0.21220896990115168,3.1681323792443976,0.7612303382023693,1.5163940552535728,-1.698795528321234,0.6435340895872752,1.8951310062229492,0.6021183203924835,-1.9253746013571227,0.07203686128374476,-0.9411482504608906,0
0.6001123825036565,0.9579901498856576,-0.15525904882474875,0.5817720324620879,1.9536469853781953,2.4402428542146697,0.5632578438011158,1.2305432893148929,-0.4663137487072565,0.33417641724489744,0.00833504742219704,-2.023886297764385,0.07748051851886253,-0.731873898993743,0.9033898844316767,-0.5717007046883061,0.2577525401427507,3.245492769928997,-1.2417605754816243,-1.5994051489474517,0
2.2369501272409495,1.911855215665702,0.937915537510655,3.886143230308128,1.0407258555712455,6.019486901299144,-1.8198507261572985,0.1988013267649289,9.288315640164019,0.1847104747810833,-0.7377143929950138,0.2626684004307074,0.18947982122108065,-3.180887769797192,-0.8441331757101598,-0.9265528113351549,1.0074439731951985,-1.688890605671168,-1.2549226680022925,-2.124308374942495,0
-1.3488805812110516,-0.4721586752335434,1.9625871905307948,0.689634939612882,-0.8626456450567823,-4.716814075446763,-1.3048322156143746,-2.276650555124318,1.4709798069263325,1.4816634024625988,-0.0945428589286178,-0.32726582165514306,1.9541574337502863,0.3264822174540615,0.3348886100955266,4.183702583155501,-0.5057467042619367,-3.9977217108123075,-1.0589075870566005,3.1407734080591645,0
-1.2181599192595072,1.0325288169665403,0.26028050658288615,1.6634118693049182,-2.886057346613773,-2.897276486514657,-2.498271768848431,-1.2793286771400687,4.021389918202384,-0.413465161123276,-2.0141616510194873,0.5913232293991562,1.4484992298929262,1.2123246815475786,1.493740851574914,2.7480976799104795,-0.35976864578908574,-0.5794884170545856,-1.3260476860820383,1.5662403075352813,0
1.5744228350268443,2.4929841987267416,-1.2070216478572156,-0.3208621547484043,2.4404998593923732,4.621780179025466,-0.618490470023425,1.2759109599935912,2.7427105979806363,0.33802348110170816,2.767671707583724,0.8546513085492757,1.4185313451480366,-1.3030856082419848,0.9799475953114533,0.48917270519862366,-2.4878086565350794,1.687390816047694,1.2769653860881878,-1.4484526199767451,0
-0.5450814947680671,-0.09035592318716446,1.2958717818630143,1.1609936622268833,1.4412376015070438,-2.11558145081557,-0.03637516084262116,-0.5049548556926566,-1.4696829073242776,0.09806753953894455,1.210806321852676,-3.571043166750552,1.8486088332964115,1.1037650438533237,2.4217726185327915,4.322598541611835,-0.1755639454992155,1.5629034813681146,0.6686548047579066,0.5731890527963321,0
0.5489853374401157,1.273209209440643,0.39792704994680894,1.265540719270096,2.825198870519294,0.18672616351333293,-0.4753528899025734,1.6831240718121099,-1.6221837819383753,-1.0325239035275395,0.4238558456658039,-2.268190366204843,1.0715431522348857,1.0466115706746582,-0.10457124836407317,-0.14217378798659994,0.19063559126502433,3.0119650139987084,0.9413105807674833,-0.22802880142095683,0
0.08849461132655301,3.3094058323411004,0.30381859560487573,-0.9734156339590583,1.1548798087926866,-9.226639679314133,-0.596105839789103,-3.2978881570720953,0.712628756270188,-1.3810446031537749,-2.6575542471157494,-1.173366459183532,1.0729780477660118,1.491411332518929,-4.648707844812816,-0.06007865861526222,2.3638724946193608,1.420258741767987,-0.7859860326349823,-0.12225392696917026,0
-1.9811878668466112,1.7880600267321447,-0.2634482160822491,1.7125305877042272,2.576614586591498,-1.5578693809217703,-0.9200419289192963,-0.3763542161003832,1.3885624892056023,0.0953441994413082,1.0389583877248665,-1.3808481552205991,-1.962625691672579,-0.5284703258321737,0.8050619832542436,1.6925453546445042,0.3496500472996937,-1.2112055758352256,-1.5648027713620551,0.27158908405126503,0
-1.0617667832895736,0.6130613476389686,-0.8682927318763665,1.690236629258775,-1.7059559957076422,-4.344759669415278,-2.525728609483803,-0.6432751866861293,1.644810516929961,0.38961417737090387,-2.192736502811705,0.30310050880020234,-1.5859833122379583,2.101229929025917,0.07345510784533693,2.299756019652382,-1.879924385139045,-1.349185987580079,1.8709651753717822,3.3938900948345565,0
0.5615847275226238,1.9929513425062417,-0.952316380738797,-0.355981539338051,1.9118450507927427,5.06714939359933,-0.46681346429479964,3.972241330533865,-2.0613738487592164,1.2788658133133932,1.412225985862139,-0.5158464602960207,0.18517553682991406,0.39374015861060374,2.765365115627344,-1.1889214485393171,0.42544486418417227,6.288604269399754,0.22228985580085406,-1.3319181466481376,0
-1.8147838176017772,1.613444405961466,0.22530792204094158,-0.24366807727334083,3.4622807811520566,-2.6471275137800716,1.7866141023271704,0.6873292226089156,-4.257622259417027,-0.17435425790283585,-2.92067252081246,-3.5329756933965824,0.5646059258936003,-1.3861687686350108,-2.394890128906067,-4.794458798160415,-1.0196643386921156,3.6314527932376706,-0.02355215087423812,-2.138744771916364,0
-2.160652744142108,0.9749790648722592,1.1038773433162576,0.5862421034675521,1.7003044102259064,0.26000130840031377,0.928414380268834,-0.5950661572075325,0.8807108482221752,0.2579759812211809,0.3849891055127288,0.23272667883744624,0.19613145902390733,-1.3958046897473109,-0.02662530216205372,-1.4584742234873072,-0.9040682897360003,-1.852375413651046,-1.548960525053475,-1.4640049570675613,1
0.6625010512571896,1.8611211332788118,0.8760467925297942,-3.541918232370443,2.6954133182857225,2.9351744567775215,2.988895653827669,0.9497568007109023,-4.532099078685882,0.9553005582377528,2.7086190069063036,-0.4143203789561245,0.8691545924968965,1.544725534961846,5.237548122579974,4.004536331031948,-0.4555395260238707,5.922156768060763,-0.8892408282283243,0.37594193066572323,0
0.3906397529717984,4.053989437252826,-0.39247110606087293,2.4408108627732874,4.1467754121046605,2.563756617806774,-1.7204696074300847,-0.8175822548192178,7.490683974423655,-1.6394841625254342,3.2891781791541006,0.9353796296338013,1.472670675750982,-1.3523823679315852,0.622540837639961,3.081274443847342,-0.6039806259692295,-2.800396193058854,-0.22954865536034708,-0.48406458285836595,0
0.16841881810984272,0.5890716156346705,1.2179591523055584,-1.4240393024192275,0.17102101634058817,2.293062967601891,-0.33645156221761197,2.1060010376062093,-2.5484570582903614,0.22054142701386686,1.4121029289594171,-1.7687582958534271,-0.5482687949250771,-0.1058796531938907,4.107064739222057,2.321098601768079,0.8333339117803071,5.511799411743025,-1.10486279306252,-0.1302700693573885,0
-3.4047989520867925,1.1311612414864836,-0.6905410523162594,1.3063977772193458,4.74781952471356,-6.704896828579465,0.2600082075972481,-1.778693957541297,-1.8828591789022708,-0.7837656655863965,1.545497258708064,-1.0076425703880871,0.26348721533105957,0.56070086800412,-3.166970152649001,-0.06062751942065717,0.2942241290134937,-5.481373038714034,-0.234407800316322,1.4125114338000855,0
5.592714929682542,0.8749789418249613,-1.869816339532164,-0.4254254060799443,0.5240226569762064,4.923718856142755,-0.8297104570227506,2.14255500197085,0.00858257965533938,0.45060341286253885,2.3182025676726146,-3.7088178204590942,0.3614173172731029,1.4796463910977264,3.910728838685201,5.199606532137652,-1.2931415437586478,9.660022848721006,0.5723903111756757,-1.4450314587738564,0
1.1790296598483465,1.9037410414454738,0.8484308822052846,0.9193227249154022,-0.007081999654652495,-10.585489577258151,-2.6467516124441026,-4.435037166581162,2.957136884938882,0.058022734808395225,0.7367364048584646,-1.1964345576689517,1.2374381346841392,4.202606778439417,-2.96941624519338,6.077419338595276,-0.45730165508679,-1.3525388715962796,-0.04282338131157488,1.8708460163955587,0
0.7673998825196631,-0.5253734015867808,-0.13699548944245826,-0.5883112196063576,-3.082058173600826,1.151826808590255,-0.49745964691751576,0.7321093013791846,0.18675914089254542,0.6789312900592783,-1.3822525852537657,-0.3958063415561507,1.6284685547723217,-0.2590704829698862,0.26866981222491293,-2.1787838670811777,-0.28438464960650933,4.139899130864559,1.5905820726178503,-2.858571999679806,1
0.629661549827877,-0.7176362400163132,1.1008213984226052,1.0289662807336273,-7.162910713040208,-5.351220651192074,-4.287793926564694,-3.9053027779185228,7.386326742442557,-1.0257526836402773,-0.28051136737871407,1.1785653216170089,0.33855287628591424,1.926611344567023,1.5077816260623553,6.787711805913247,-0.9379255765363989,-1.8886339478937486,0.216624975404619,1.1192433321559125,1
1.480158981861086,-0.4442115393234549,1.2571492168625729,-0.9154681064375856,0.2068588928205843,0.6521859949671016,-0.0620868006129337,2.7046020647364166,-5.867537134439086,-0.4500128579958137,1.348147835856572,-4.491055571119278,0.7505791675217656,2.372724487297842,3.713145308801752,2.5381158740422554,-0.41619440488525394,9.258512343467244,-1.1300693390403578,-1.0605043336133304,0
0.3101111756589807,-0.4686990959773296,2.088442772869925,-0.11221037344642437,-6.672677195650796,-6.727705821062854,-2.255117244897809,-2.7732789888031015,2.358853566709475,1.0213832954293984,-3.9704770321509852,-0.04156964216486181,0.43295982536069616,2.9846169393525646,0.03755117714072198,2.5519374111582875,-1.3776175007542373,2.419724431166457,-0.5647740041709423,0.5173884469599412,0
-0.8516368325105305,0.31769159994623464,0.3011073391917421,-0.14874261096066843,-3.6841910833207208,-5.700219405939569,-2.9182392736887595,-1.5324659887560346,1.86540181388049,-0.3596296724524624,-0.547698745022197,0.6011823925250734,-0.8484286341908146,1.434360221204226,-1.3278737064869064,0.556492050481816,0.5731278132412001,0.3021849347943099,-1.7858664919341112,-0.5431649246085617,0
2.9961459058807476,4.416915310551813,0.6820520657126199,0.746704808018702,1.2562686270750418,-0.14098402365638935,-1.1812531022140622,2.266313784322768,0.13089054788779414,-0.7157599891107518,-4.471898068134347,-2.651943108028763,-0.9161919154812425,2.256610934592226,-1.5540450699526618,-3.0334240429992514,-0.8318222082304447,10.82478660405544,-0.06717829004935526,-2.3362482955565955,0
-0.5271492935065034,1.9637867682289847,-1.085150526557798,0.28837468032943614,1.174560997935608,-3.100193495692489,-0.65536880815887,-0.8591045075855768,0.8733442906767322,-0.6122367345077503,-0.6473433913480922,-1.1892902757914148,0.570612997219531,-0.07927530314398035,-1.6077398442570212,-0.643823692052041,0.9681846605328611,1.2856099760863817,-0.33130838318332273,-1.284396277908049,0
1.9268877012933388,0.9301932920180704,0.7356219972457467,-0.9205317487084375,4.328148790089247,5.096651856231918,0.4142576306293937,2.8817903985425946,-2.2290370999058577,1.5232386217122582,4.138622928503128,-0.8018292288619504,1.1834936668899279,-0.9472514826375176,0.818512541968842,0.09239565819345905,-1.1780408673763807,2.444611973425838,1.667224111551137,-0.6657567228416413,0
-0.5534584819668666,1.1083857608178318,0.5082686396745896,-0.2531216400071452,1.4759747526320657,2.8106991029998927,0.5861745469339279,2.8574461086357354,-2.8870802999735634,0.21539650545628794,0.2521214858211024,-0.01530550485562343,0.14125714008746323,0.43623239834638183,0.14502027268691364,-4.270648956194556,-2.1305664798072006,4.172754797685503,0.7682072166317373,-2.522107037736088,0
-0.6612343842055921,2.4372051058876196,0.058984221589597374,1.970144145128688,1.915099355158346,-1.9642700869644163,-0.3832174997390172,-2.4072583415368833,4.287408490975742,-0.9822940342546795,-0.3496513091877258,-2.1775563377498766,-2.4883273534129895,-0.5176024463358648,1.733438421323153,4.590567883604141,-0.6582484123338483,-0.4963454863609067,0.4535087125544674,0.33150991730937296,0
-1.7841924410456707,0.7351430404560992,1.197246923645228,3.0064553550390642,2.2664810586948603,-1.2047360578245283,-1.5558368144700463,-1.7812538121912218,4.9164261420912,0.42548993324023027,1.0133591976400125,-1.5158285539922616,-2.049941278577478,-2.771161142547397,0.3962183154416604,3.4484874826985212,1.1590740649558977,-5.777755380603747,-0.336254738681072,1.493178078525002,0
-0.677634190542193,0.09013932932035562,0.31318447386498,0.5960897868165564,0.9611105975551686,-1.475576964025479,-0.23133196884743135,-0.6527765322684174,-0.5297500947876911,1.3286408282482312,3.2179018488383964,0.3685605451170777,-1.6312758154609455,2.7213149213441494,1.8965750373337884,3.996902803329507,-1.2374266382225725,-1.4357930945880202,0.10940847183297006,1.2568326777996086,0
1.4238082820707325,2.128211433197833,0.1435879365051602,1.4542990469855543,1.2136669709830816,4.038425923638729,-1.7107552010961982,1.144408956061657,4.022802502867624,-1.9511018640386248,2.941246956415903,1.064692864248705,0.3099989831655551,0.7425041030046156,1.9968450509455393,2.1584367180437076,-0.05658848889989584,1.1855051208590668,1.2189707897936632,-0.8684217611182653,0
-0.3185111010048791,1.6877524080371242,-0.19646658342809717,1.696520994307535,1.5104368519527582,-4.364665151991603,-1.2888879835458726,-1.9070029711952832,2.2385478191935637,-0.5164296438875717,-0.20123064611686547,-2.229218918710876,0.820344012612456,0.7324324765240395,-0.24774045959104407,3.6227168478046483,-0.03361256470371301,-0.49994147123604876,0.4547409121411344,1.0178706995917113,0
-4.863345076929317,0.08414935640527432,-0.49190244750620515,2.320318730626071,4.675166362930434,-3.9746267538353464,-0.13700025824112316,-1.4024850361582342,-0.4782563939987974,1.2000789564268612,5.097091077997457,0.7189365031246524,-2.246889333984605,0.06423415528781884,-1.566060462458661,0.4076027306298837,-0.6067002947652967,-9.160386667054578,0.21128369227947272,0.6205089121243624,0
0.9908278438015462,1.796947796850322,-1.8697416996954206,3.212538569639683,2.5446939996714035,3.9126110541043895,-2.4012612499313604,1.5942242038482217,6.147434252202941,1.1539007342557472,-0.8188026066832232,0.426583431869918,1.2002617497388293,-4.2295800439232,-4.722559368187737,-5.733481808829216,-0.463161362085399,-2.897427571650595,-0.41142660711600243,-2.2429901593956787,0
0.2819830790924631,-1.2413391609707936,1.0964692338108837,0.6224454364850447,-4.178972879108458,-4.425095429525029,-1.8238985111659805,-1.015427008541038,0.25806890946323613,1.2235688824186275,-3.769919754461074,-1.646504082624539,0.3721054726068629,1.6218606086637675,0.8480324895024764,2.9669046722730292,0.3891591956679287,1.5448293218706954,-0.053120653017545344,2.6836928218074307,0
3.7225940443411827,3.672352979021854,-0.8966422273152082,1.8755587556715398,4.338312736226787,11.331641602275303,-0.382017116209705,3.5217173043087655,4.7615607859667355,-0.11066536855732945,3.0598285613253147,0.16988536102715845,0.47004418736820214,-0.8069293416511245,3.9479592775196335,1.7354917738408886,-0.7076258948220261,4.697436179316566,-0.7121738641760436,-1.7091579629058662,0
-1.0757850134764226,-0.76319228031722,0.18142662011397137,4.195754277500812,-3.584520062750455,-2.122441498091404,-4.066060291271079,0.30782211695718154,3.337630613631843,-0.4561208274741882,-1.3071613836834692,0.11987351517687239,-0.3519213178165091,3.446389575871123,3.021244091823611,4.814846748559271,-0.7699960661974573,-1.7439974043790147,-1.2961166642498945,4.064975195633737,0
-2.055145186609668,-1.222598070296618,2.620793091029975,2.0685422969112777,-1.2850395773963619,-6.913689418267772,-1.1525150139655682,-3.725932111826752,2.1782101276754227,-0.05020461704174478,-0.3567193421550532,-0.3009740354213365,0.03823799496002834,1.6494831973680815,-0.006425538548741616,5.34950010517603,-1.4485914146335441,-6.604217236807951,-0.29967664800678706,3.852212188981055,0
0.7596098126707767,-2.107124242554707,-0.09546424708907303,-1.3529802768529784,-5.150213534867537,2.7152287373679758,2.2319057825033566,-0.4108030889811418,-0.5199827326604245,-1.0040545968420103,-5.003853341592951,-0.8790461685793052,0.18383451632250436,-0.8176344009675163,3.5514788011663687,0.06418339183598647,2.6930336639804966,4.473955226990357,0.34980002456790754,-0.7363297217196347,1
-3.0893200293478884,-0.2495353955673827,0.4086073077017676,-0.3219468391135354,-0.3216713059942795,0.3001173593282321,-0.10547008455677942,2.518849434745875,-3.311257495434287,0.681359510442948,-1.6990530400835557,0.5724590355644272,-0.5312142946075985,-1.5754855883566632,-1.6657795043606458,-7.144641027945252,0.48387665118803974,0.7625344442645882,-1.1022921498364233,-1.8774101539989552,0
-5.096611217149875,1.6102432010635073,1.6999573745763805,2.0965053573660364,6.923978530212794,-0.9923002154526015,0.604087309648945,-0.28258298681898153,-0.1375973936662246,0.3113086734428849,4.9199094632515425,1.9190072432613805,0.2965755451407618,-1.0908955679000059,-1.2294373435656771,-0.8499830731289238,0.4631847952675847,-9.567725536334008,0.19729226563120644,1.320128552905183,0
-0.4471510401469645,2.965006245429025,-0.8638829605897661,2.378088915380512,6.018318277234685,-5.244624741004751,-0.2654316078199557,-3.6913716618337604,3.295747404970112,0.41960997202411815,3.339821258232155,-3.0879028975355864,-1.8179792253871547,0.6086627731539223,-0.25936701912472815,7.101316445206871,0.7597122954841684,-3.717916708487844,-0.09445871444200275,1.3766768930287316,0
0.9515428349399057,4.738330608163539,-0.26764109089879357,1.0737045257747573,5.654918578242098,3.5335635089793223,-0.08945567189899195,-0.7230923536171965,5.667261295014073,0.47347189903522846,2.9112475185746707,0.055385856822942614,0.4430021304473752,-1.4820572665784235,2.481211394893648,5.032906373553773,0.9515497705740428,-0.7975209916297576,-1.0211624575603002,0.8386780308164554,0
0.9491607341200717,-2.7262068956463725,-0.24852861807444937,-0.6070642285669203,-1.8800059712354797,4.175658770103391,-1.646972734504437,6.0223332310908955,-5.694204835953124,0.23402445435314795,-1.9805650403159998,-3.2689757140480955,1.8180619225578247,-3.4323807260579873,-2.5762957675480203,-9.481958823312347,0.7751554940347831,7.15935195004746,0.5530400858523584,-4.2064917695566795,0
0.7242474945851414,0.3482039799257909,0.5540577711159071,-0.9322280895273001,0.4234651794028269,2.672387124605769,0.7016648316181022,2.5690857798281943,-3.126236875061403,0.07959786237603639,-1.2696750814790123,-2.365074290898397,1.3554428011054958,-1.1444387963058364,0.21237176949909597,-3.7808229020510993,1.1701987091966037,6.624812170533872,0.13429649724779288,-3.1392253932383367,0
-0.22467172832519933,-0.6028670302292055,-0.36650702036805183,-2.4868338500692815,-7.318042681928568,-5.31362097972899,-2.5913993169103193,0.5822079991563527,-3.3539920109068397,0.9514492770580866,-3.2809471860468857,-0.8857339599098566,1.7041055162554912,3.7953497540094423,3.2036522534066028,2.3782514435565414,1.2468917155347194,8.471482515317993,-0.062004009366031745,1.0132703520840072,1
3.9470968658126746,0.8355666937695209,-1.0385438208439723,1.6727685968319086,-0.3474750253595399,9.473034332059212,-1.699786580377832,2.8711238784143287,5.583556378851113,-0.3748220566218061,-0.018265878589781792,-0.0885145525139116,0.8419836954521269,-2.6683806014729043,1.905514520072856,-0.2672960019026785,-0.36920720044744615,3.3757834729080094,-2.9069882193216414,-1.6694661645184756,0
3.8471282874734865,2.4630334074360736,-2.7475048427252347,2.594260034180584,3.382790045667504,5.0644920533291895,-2.0848786444970084,0.22913870279189907,7.066029333790644,0.45768658605355206,2.217491985851054,-2.534221039556043,-2.238231233324972,-2.349381515825722,2.1151937213684704,5.892554995297318,-2.120700152635066,0.8820139131935805,-0.6068651778571754,0.5173591187556397,0
2.157335331947767,2.13184391015426,0.2837510236615011,1.957681442759742,4.768087399462672,7.2274211955370635,2.4729777957540406,1.0351223005053767,2.648007676645286,0.6952029000839993,-0.2636771340202586,-0.7493400181769745,-1.0501407396021456,-1.3911016440494262,0.786269186968322,-0.8677614000165442,0.7574951493374855,1.180704314816831,1.3705361439967134,-1.4859186989360145,0
-1.6006376332098338,0.46646570910380714,0.6256309336460009,0.3321381992805059,5.606516099393172,-5.967238069549285,1.8588031864135615,-1.9653030110013705,-3.615825648026662,0.5522999376795232,1.862525796245631,-2.545625518353555,-1.3671378064602457,0.29632858368297443,-3.916324827988561,-0.40438797070254984,0.8481742126666681,-3.4610514304819953,-1.232523314768509,-0.03225723087923038,0
-1.2558988379739464,-1.869934146072561,0.09175248444837286,2.7347018344723377,-3.1970972460151246,0.8647181850072275,-3.158654333424838,-0.3265605116505792,5.970549176207254,-0.06418817710849775,-1.2239796503215254,0.5482498236999431,-0.7188323876087304,-4.256131612672995,-1.8260061861683239,-2.304682592522053,0.7450053128772811,-5.641842739316535,-0.19469729611668168,-0.7658575604050677,0
3.891505990837706,0.9724041801998917,-0.7296024698074095,0.12948558304041713,2.4582980591019,7.869408551936469,0.9314883788889832,2.8126443171296542,0.6849858915450087,1.0706105599791862,0.1220766454569393,-1.717747834203028,-0.7068925679873489,-2.022842138116428,0.6867226031354835,-1.6376643103502913,0.8555556590207121,5.293992479997554,1.649480894323921,-2.3760594607015935,0
0.07146078075160611,0.8191822122149424,0.5517407999109204,0.31665006016859054,1.5043370559857783,1.797193309791584,-1.2975424867481578,2.246798202355766,-0.3292360866049721,-0.4511588584089988,1.2621934794872418,-0.5410790195527029,1.0383788510193166,-1.5426733366468999,-1.8253001871387653,-3.866105771664884,-1.5193460754768424,1.7150068575011488,-2.832155598110569,-2.5726112838059985,0
-3.0270132775395497,1.55452425399885,-1.008554684076208,2.9867363920763905,5.538455854529548,-6.580106829911728,-1.2050641020924604,-1.1143244581243963,-0.8897484918334012,-0.5388418561927383,3.3184494331433205,0.12591606487160334,-0.6967718184295749,3.007522594590999,-2.7837778628114784,1.8939163508836987,0.5820265670847269,-7.065649153818731,0.26044226333355597,3.266246294402356,0
2.4317388465790106,1.6504985205806983,0.38897872935218375,2.4597756722929605,-1.2514157258468588,7.060499106706959,-0.7427707760919602,1.1088355935475305,5.619319551216113,-1.2094769354188053,0.09484196182602189,1.3115588692126372,-1.1617838439123638,2.1572103892713024,5.470556715740259,4.219859144567959,-0.28313889674376713,3.259969110410297,-0.30085974714082625,0.11125773458325683,0
0.23543555444754682,0.5176622543309422,-0.7801991291174627,-1.9605573699787833,1.198603784433866,2.589020160561149,0.34941872802477425,1.242608875126635,-0.5656229364239848,-0.33078922432755736,0.2823200177547385,-0.3286898953054167,0.9784221120280351,-4.0576379463644425,-1.4386500041548977,-3.6763467224012647,0.5221425459339358,1.2929153019753479,-1.1036698285303692,-2.211536259907927,0
0.7807931544900133,3.8973474994742143,0.6929186230316111,-0.8838815856404698,2.5272085063422955,-1.5573901044705976,0.2580734726143914,0.7169593411608597,-0.5589578373164058,-1.3386057997232488,-4.11414511883776,-1.7864686396946283,0.7215625051261435,-0.8598553676542982,-2.5972028087765593,-3.613853087727108,-0.23086637384476896,5.757034804114484,1.4532606633210343,-1.1581450747388349,0
-0.6962274078592938,-1.7614330979040642,-0.4911537471421047,0.16430584105945167,-3.9801308555486528,-6.6058453858131365,-0.143331853518185,-1.8318984428284506,-2.1164226926759273,-1.5486182988637467,-4.3489769686524316,-2.620456695534388,-0.20585943088034037,1.854744703416599,-1.0617932629757416,-0.1394215797517221,-0.7465783465402389,2.4302623507485777,-0.1767741631157821,-0.18069892605116333,0
-0.8196815287007061,-0.9090097046167676,1.5634133588321082,1.6757572514419148,-4.786550919459056,-2.6380434046042955,-2.665384624173363,-0.5106300035184133,2.379890604346455,-0.35141423571373254,-3.5347404777685645,0.005732162991888501,1.0450884740847535,1.4166579127818117,2.1432644158853766,3.0028898065793315,0.14488783309689118,-0.20967512192500223,0.02390304328495547,3.1909084582254468,0
-0.6044739195926512,-2.3818778912539305,1.7586204841951334,2.071137238104292,-3.4632164106973513,-6.657419134958693,-3.8915281233734103,-2.559501586988768,2.5451741900851865,0.2806364044901364,2.846218189023676,1.1879964886404801,-1.1119670257741636,3.7196729911728275,0.1701461773917774,6.944227646406143,1.4641772387524374,-6.629124114170158,0.996858773465808,4.31369370873449,0
0.12229165460263991,1.1736703226355854,-1.1543626682329844,-1.597057771610877,3.265730721236598,0.9387302885584481,0.821357079560318,1.6120675659014712,-3.838678206582864,-0.6946003691631446,1.6141837369121017,-1.9363867107576103,-0.6065033882157397,-0.3811384275200457,1.7740220212598206,1.4259560147103065,0.4559041951707027,3.3809917963210325,-0.45909031021899177,0.7813982234673307,0
1.9186198511276318,1.7229402192458982,1.1373145423647293,-0.9219792627707493,2.0596439153957484,7.172397487187659,-0.5504780632926899,3.542158789800815,0.22192534708498385,-1.1533505105959594,2.1621746116099256,-0.08012981377881345,-1.0753123930492379,-2.016382997903792,2.1713083242229048,-0.8188529681444906,1.676393027208203,4.620752166448016,-0.9455068799427312,-1.4685077798093187,0
0.14614410000254408,0.9941472153970742,-0.3340772309799405,1.0305969985943542,1.1474905048350492,0.20921506290562744,0.6204975336289082,0.24127518955340488,-0.19962039344781365,1.1243533598705027,-1.9406023071161902,-2.9655368514533196,0.5142547560178349,-0.41631350627529096,0.698066700431496,-0.2527670737327003,0.5720574417141441,3.6333748396333694,-0.062191016999311004,-1.4029128083777955,0
-0.4600707184000514,0.4818144671823674,0.5798572852951321,-4.0083644783757,1.6002433459615435,3.030556983460597,3.0009736669103075,3.4816446550584303,-9.085897079038267,-0.12951724686344077,1.0677122956660785,-0.9958914042276107,1.279464931657751,1.5827832149330083,4.214337487248073,-0.8608602421341018,1.0417246640588513,8.44632151850908,0.5835443030118876,-0.5730056428683602,0
-1.232369936984428,1.2362956132248581,1.4558223221467665,1.3746362836270483,1.7813278164899078,-8.07352926891547,-1.8982808654292282,-1.9603968149420123,-0.03097783758548243,0.4572804046152411,-0.33852814567941625,-1.0575791343366259,0.6683404887180808,2.296096743420302,-2.341416520254154,3.1679648014327144,-0.7341737987784958,-3.2535974255134525,0.08199555641356042,3.804768123907798,0
2.1537125141325775,2.6623794366659426,-0.48720292119492714,-0.47051659443190763,-2.922966738488726,-1.74528574857738,-2.1228605932172426,1.0752679667760985,1.1455830152181505,-1.042044412243103,-5.30969060332199,-1.0069978967037914,0.8745170741325226,1.5442887130935405,-0.9036782819189524,-1.9772258660390445,-0.6497652268482671,8.578363941804264,-1.2032008553891445,-1.0311452077275503,0
0.11212421951996188,-2.2542474911479307,-0.36146276669398575,4.781123217076411,4.201136713387956,4.625568305921911,3.538450677760607,-1.174032803267939,1.670735281369667,-1.0147594931858521,2.173043628409047,0.862372665610728,-1.1818741254208012,1.771702956585527,0.9603230396020195,2.4779362789281465,0.44947391283230687,-8.852628967470153,2.0860470495371137,2.1597327842320926,1
-0.045319911041221905,3.2942540002414638,1.9870611116994412,0.5392743112347518,4.110751813135188,2.308012027229214,0.18587002861123003,4.111533589866064,-3.461221630356968,-0.8798143535020543,-1.886371897031728,-2.402479964554713,1.230874513154735,-0.1790204145162504,-1.4691438932857221,-6.382773033876077,1.6850142787085094,7.661044001741357,0.5628808601743548,-3.071472538958419,0
0.9448192521839776,2.2033583079050367,0.054934110999848726,-1.6710937992418655,-1.454745748521967,-6.39713157953356,-2.0662644693093686,-1.7794191150921592,0.9566270246098714,-1.2457173764463845,-0.5714904263888285,-1.5909676437858125,-0.2950899142379063,0.6719980979446607,-2.8882791185067,-0.26571935870621877,0.975816719344709,4.778521479075837,0.9184544439424138,-2.968051414881283,0
-1.7782679581535477,1.2920757432301135,-0.20447122098612153,1.7939678963685253,2.7566905670980777,-4.181514350459377,-0.1961314492797569,0.18416340431919598,-2.020730070532863,0.38632331781156,-2.4707683149323376,-2.1252475304696734,-0.29660745906979835,0.9926306681057971,-1.6459299834901029,-0.8541883188787118,0.241321934916781,-0.26673267615994867,-1.151014083619507,1.9842628980907664,0
1.1823822251611058,1.087381081334857,1.8296202017160872,-1.4259081787129002,0.9183921155458292,4.711228502971095,1.0357843871382086,2.5362044122038863,-2.2906855379834776,0.8929538701087693,-0.8734401088667874,-2.312704048491584,1.3305749040390402,-1.240827472312915,3.8682730551465716,0.6435515521579547,-1.1967886464263116,7.131202781547392,0.8936976893891109,-0.6204054885711512,0
3.3343275312883427,-0.7936284146716823,-1.6548874362282961,1.6446113419810726,-1.2317285155801156,-0.4014405706746182,-3.8097514945728106,0.9565941577187419,1.9753332158242451,0.28872366282502326,1.0802819865523017,-5.031742322744832,0.26402008133367,-0.9436868238506159,-0.01185103414966493,3.024926542273784,1.2723535001067678,4.6575334588126545,0.7324921027798023,-1.5516683935740683,0
-0.8199832208921557,1.871054924501657,-0.1590452104000513,-0.7275680489303803,9.63377110883251,3.6965023955669007,5.008369189552165,2.6488247041940434,-6.942988106623605,2.218780233448134,2.9484049121335003,3.5415015325700177,-0.29983819627488056,2.1761560030784475,-3.185859317931474,-5.389981240760346,1.904136589573007,-4.114113879480408,1.6259589153620633,2.0711827332177872,1
0.7857622704598797,0.8874325412760065,0.2167755637626291,-1.2298177485133017,1.2587996506432089,3.9736700747206832,1.4110603493916594,1.9402926106620426,-1.9773792565761577,-1.167779551267935,-1.0528510023865805,0.8704731322898711,0.29562448874709507,0.28622554162382885,2.6802648347056897,0.7777569157635469,-1.5166425494207911,2.29397639087185,1.4769344261182744,2.613492406791533,1
0.5306302231858873,3.2765088540550726,1.6554071130882952,5.70095928812849,-0.29254863471999687,1.6468182602968218,-3.073517855247667,-1.9618668985367718,11.536731168433787,1.0487071264165635,-1.1048719985951427,-0.6490263665955676,0.2514736089405121,0.03501098107238887,2.553354339485728,4.843293709663861,-0.1942691319785193,-1.0809544604156498,-0.7557915001583629,-0.7304426456653343,0
-0.9861167608753759,0.11257105842042936,-0.4173668136050844,0.5360510495914057,-0.45782397487186755,-5.566843801272864,-1.3382158127946884,-1.9724917056779718,0.5678937965438742,-0.9186865114860944,0.7564532899429122,-0.6930320064964846,0.47363207681145447,1.2868294889093574,-1.4611602250201905,1.6787913215422632,-0.9263811299815384,-1.6386535735150192,0.5555126463422483,0.10950409198108069,0
3.9385724878999815,0.5844846108263773,-1.2804555710024668,1.761354277407774,-0.27051440085831624,3.393774547971286,-0.6979370699517906,0.21077162364117996,2.9093440891126057,1.9114190871397234,-0.3260965576737602,-4.800413604793764,-0.41790954576589057,0.4325779404329906,4.691543868320448,6.5931597497215115,-2.025807873111377,6.870070614802519,-1.0708524186844388,-0.5940506968286601,0
2.4548124242813625,0.6905614150213881,0.1998104337187135,-0.5234733515356318,-1.1709383405337355,4.720857975533556,-0.3629531449415596,3.3751229618929757,-1.202543981769771,0.543479378670093,-1.7343388433691942,-1.7953718172219109,0.10575379127148042,-0.46201487297110055,0.5562623971449416,-4.036161272705728,1.2637066776546686,9.006555639486528,-0.8463159774657358,-4.046872263457325,0
-0.127733126815182,-1.6530355466957571,-1.8579014513982872,-1.4650704096842553,-2.090500391558418,-0.004949596848012732,-3.227994592861701,3.4336871164347724,-3.653571753389044,0.22899639245934025,1.8730074431078707,-2.4349848588756173,0.7719201548366751,-2.1130432401481203,-0.4080602246696121,-2.763813370134047,0.44130715169924584,4.67560704579149,-0.7331561971099966,-2.3962875669338857,0
2.4858458202256273,-2.33597431361836,1.223083067095325,0.0539306445120763,-0.303314407661985,3.1965023700308812,-1.3647975552622194,3.059199076301377,-2.2641196871968963,-1.0565576427602528,0.5948040058425793,-3.3450384354905474,-0.8245141615276735,-2.51250168637074,-1.0762484740386364,-2.238877500308905,-0.6085897232397004,3.4599570963256427,-0.5289777080640152,-1.6547465440697873,0
-1.9475853175357654,2.092172117929583,-1.9196731561976563,0.6458571720242168,3.3415694533073546,-3.7827513969688744,0.059867044889181376,-0.5703759547320377,-0.6942443466573222,0.02538842054241018,-0.828280552189213,-0.6525222796956501,0.8595878869798019,-0.20601971107078332,-2.530275909330494,-1.6326943165227683,-0.3871306497895146,-1.6008835738860345,-0.04541121793223822,0.5970657139496157,0
3.615732764704157,0.6101736886513441,-0.1858457521927473,1.4704983449425466,-1.470016780352953,3.9780421336167113,-2.032126936985194,1.6102309773926007,2.5183014950229574,-1.1171864617070024,1.8471076745581096,-1.2762735249918056,1.2005316584738726,2.752961552851488,3.860470005103198,4.466369661856314,0.14035986984804696,6.118867835757934,-1.9670697035871523,-1.0363164031625731,0
3.684520187855382,-1.0262603953006662,-0.12545426000290022,-0.6608859154008908,-8.303439218806078,-7.345365873778054,-3.41244455765261,-2.19837889135241,1.7061414293332962,-0.25495579355369785,-4.849384918669507,-1.8655395866266753,0.4818660617184915,4.232949461547458,-0.6830399077372473,3.6421880697218634,0.547264797377967,6.924752360539614,0.5488838353173644,0.43957850138927346,0
3.8329442871973844,1.6350526009025426,-1.5614932224418594,4.658190313116147,-0.010169536688624506,4.039282292054416,-1.3047205442290915,-0.7274191830436993,8.218516549154312,0.8764556455029355,-3.574566038745548,-3.831532972842419,-0.8617030702562581,-0.8488113367086282,2.627476643995048,4.83585571074724,0.03003147916408217,3.201393799494481,-2.1523835446091804,0.0022123456818503584,0
-2.4288431875644676,4.437385142170087,-0.2880388739220764,-0.7486843483958543,5.133029216782171,-2.077116406371241,1.074184054827052,-0.485673224952319,-1.147223870057779,-0.6277339060845056,3.0433912297727264,0.9617009345338838,1.503419828428999,1.9376452460621891,0.8813685740317289,1.0403243971303193,-0.3301200939664503,0.7217513526095964,-0.2116669819311769,-0.535681754038689,0
-0.6264596222376081,0.9222851208397491,-0.5495402745955349,-0.33561394934725175,-1.4772536712088045,-1.4470761544180817,-1.0892781171260708,0.3596698414131898,-0.5160769560823985,0.9153902755601617,-1.501203431530251,-0.07617576284546357,-1.7762463334664518,1.7789200260418472,3.235850448574204,3.553207027269146,-0.08059974929676088,2.3765827330529596,-0.8330560570007587,3.0775688358701587,1
1.320693602608313,3.1733013599686317,0.6654168236917787,-1.121855137790118,4.54482538193125,5.19870609478483,0.19406712011567162,1.8781884683677785,0.776461465854746,1.1727568452674448,3.726977602409824,0.35733903712374504,-0.23811043631205406,-1.3343914559576562,2.201727816660267,1.7135270071538633,0.04600274725327412,2.3802377056815667,-0.9046143749937661,-0.31422443483738993,0
-1.9031631845460706,-0.4640287550681874,-0.4853058353678683,1.9643149126314494,-4.838378645063978,-0.7572207958418635,-1.0691820968479029,-0.5459189641778243,2.9459447483985173,-0.742484232538384,-5.925437163244635,0.14564712875330077,0.0036956718478473255,0.10798411367385541,2.6755135379646986,0.5547250310855874,1.0114630354083562,0.31997262424438366,1.341475915530881,1.8532469042784399,0
-0.029418955679799574,3.579859372810138,0.6227112239002686,-0.3033435705467544,5.263998056934431,-2.255934210029115,0.9325667876468937,0.6794287279845499,-2.541929692100376,-1.1306153349375263,0.19975631118130233,-2.732660201707665,-0.4516594761596227,0.008372434240104809,-3.561481236370986,-4.263589750679187,0.19502498402812674,4.86966644784739,-0.7582820688875902,-3.9621203022475617,0
-2.5161602193280315,-1.4927904136896553,-0.5029747705513431,1.051787803665889,-1.6804429255386761,-5.666450002081097,-0.441910304570983,-2.9179740150439026,0.7529126483530586,0.6897078052451944,-0.4352682733060753,-0.22739452170432506,1.7495839042054206,0.5803664061147147,-0.44581515424364004,2.2602422780174085,1.3814540786904865,-4.949416492690194,-1.2922626951056186,1.5208730862532365,0
0.6062484228152685,0.08134822436887246,0.6464895377257707,2.6874576195369593,-0.1742631531972009,2.700485519667292,-3.0170827749547744,0.9159511979772957,5.019280343256069,0.2314459225255723,1.5797081876818768,0.509545307212822,1.9412174364637491,-1.562222976818632,-0.33343685692095004,0.2909493774932854,-0.8783230771797389,-2.680354587719502,-0.3780078990182172,-0.2607599926842996,0
